name,rating,studio,genre,actor1,actor2,actor3,writer,director,date,origin,metascore,Worldwide Gross
Titanic,PG,Paramount Pictures,Romance,Leonardo DiCaprio,Kate Winslet,Billy Zane,James Cameron,James Cameron,1999,USA,74,1835300000
The Lord of the Rings: The Return of the King,PG,New Line Cinema,Action,Elijah Wood,Sean Astin,Ian McKellen,Frances Walsh,Peter Jackson,2004,USA / New Zealand,94,1129219252
Pirates of the Caribbean: Dead Man's Chest,PG,Buena Vista Pictures / Walt Disney Studios,Action,Johnny Depp,Orlando Bloom,Keira Knightley,Ted Elliott,Gore Verbinski,2006,USA,53,1060332628
Harry Potter and the Sorcerer's Stone,PG,Warner Bros.,Fantasy,Daniel Radcliffe,Rupert Grint,Emma Watson,J.K. Rowling,Chris Columbus,2002,UK / USA,64,968657891
Pirates of the Caribbean: At World's End,PG,Buena Vista Pictures,Action,Johnny Depp,Geoffrey Rush,Orlando Bloom,Ted Elliott,Gore Verbinski,2007,USA,50,958404152
Harry Potter and the Order of the Phoenix,PG,Warner Bros.,Adventure,Daniel Radcliffe,Rupert Grint,Emma Watson,J.K. Rowling,David Yates,2007,UK / USA,71,937000866
Star Wars: Episode I - The Phantom Menace,PG,20th Century Fox Film Corporation,Sci-fi,Liam Neeson,Ewan McGregor,Natalie Portman,George Lucas,George Lucas,2001,USA,52,922379000
The Lord of the Rings: The Two Towers,PG,New Line Cinema,Fantasy,Elijah Wood,Ian McKellen,Viggo Mortensen,Frances Walsh,Peter Jackson,2003,USA / New Zealand,88,921600000
Jurassic Park,PG,Universal Pictures,Suspense/Thriller,Sam Neill,Laura Dern,Jeff Goldblum,Michael Crichton,Steven Spielberg,2001,USA,68,919700000
Harry Potter and the Goblet of Fire,PG,Warner Bros.,Adventure,Daniel Radcliffe,Emma Watson,Rupert Grint,Steven Kloves,Mike Newell,2006,UK / USA,81,892194397
Spider-Man 3,PG,Columbia Pictures / Sony Pictures Releasing,Action,Tobey Maguire,Kirsten Dunst,James Franco,Sam Raimi,Sam Raimi,2007,USA,59,885430303
Shrek 2,PG,DreamWorks Distribution LLC,Action,Mike Myers,Eddie Murphy,Cameron Diaz,J. David Stem,Andrew Adamson,2004,USA,75,880871036
Harry Potter and the Chamber of Secrets,PG,Warner Bros.,Fantasy,Daniel Radcliffe,Emma Watson,Rupert Grint,Steven Kloves,Chris Columbus,2003,USA,63,866300000
Finding Nemo,G,Walt Disney Pictures,Family/Kids,Albert Brooks,Alexander Gould,Ellen DeGeneres,Andrew Stanton,Andrew Stanton,2003,USA,89,865000000
The Lord of the Rings: The Fellowship of the Ring,PG,New Line Cinema,Fantasy,Elijah Wood,Ian McKellen,Viggo Mortensen,Frances Walsh,Peter Jackson,2002,New Zealand / USA,92,860700000
Star Wars: Episode III - Revenge of the Sith,PG,Twentieth Century Fox Film Corp.,Action,Ewan McGregor,Natalie Portman,Hayden Christensen,George Lucas,George Lucas,2005,USA,68,848462555
Independence Day,PG,20th Century Fox,Action,Bill Pullman,Mary McDonnell,Jeff Goldblum,Roland Emmerich,Roland Emmerich,2004,USA,59,811200000
Spider-Man,PG,Columbia Pictures / Sony Pictures Entertainment,Suspense/Thriller,Tobey Maguire,Willem Dafoe,Kirsten Dunst,David Koepp,Sam Raimi,2002,USA,73,806700000
Star Wars,PG,20th Century Fox,Action,Mark Hamill,Harrison Ford,Carrie Fisher,George Lucas,George Lucas,2004,USA,91,797900000
Shrek the Third,PG,DreamWorks Distribution,Animation,Mike Myers,Eddie Murphy,Cameron Diaz,Jeffrey Price,Chris Miller,2007,USA,58,791106665
Harry Potter and the Prisoner of Azkaban,PG,Warner Bros.,Adventure,Daniel Radcliffe,Emma Watson,Rupert Grint,Steven Kloves,Alfonso Cuaron,2004,USA,81,789458727
Spider-Man 2,PG,Columbia Pictures / Sony Pictures Entertainment,Action,Tobey Maguire,Kirsten Dunst,James Franco,Alvin Sargent,Sam Raimi,2004,USA,83,783577893
The Lion King,G,Disney,Musical,Rowan Atkinson,Matthew Broderick,Jim Cummings,Irene Mecchi,Roger Allers,2003,USA,84,783400000
The Da Vinci Code,PG,Columbia Pictures / Sony Pictures Releasing,Drama,Tom Hanks,Audrey Tautou,Ian McKellen,Akiva Goldsman,Ron Howard,2006,USA,46,757236138
E.T. the ExtriTerrestrial,PG,Universal Pictures,Sci-fi,Dee Wallace-Stone,Henry Thomas,Peter Coyote,Melissa Mathison,Steven Spielberg,2002,USA,94,756700000
The Chronicles of Narnia: The Lion the Witch and the Wardrobe,PG,Buena Vista Pictures,Action,Georgie Henley,Skandar Keynes,William Moseley,Ann Peacock,Andrew Adamson,2006,USA,75,738809845
The Matrix Reloaded,R,Warner Bros.,Suspense/Thriller,Keanu Reeves,Laurence Fishburne,Carrie-Anne Moss,Andy Wachowski,Andy Wachowski,2003,USA,63,735600000
Transformers,PG,Paramount Pictures,Action,Shia LaBeouf,Megan Fox,Josh Duhamel,John Rogers,Michael Bay,2007,USA,61,700759914
Forrest Gump,PG,Paramount Pictures,Drama,Tom Hanks,Robin Wright,Gary Sinise,Winston Groom,Robert Zemeckis,2001,USA,82,679400000
The Sixth Sense,PG,Buena Vista Pictures,Suspense/Thriller,Bruce Willis,Haley Joel Osment,Toni Collette,M. Night Shyamalan,M. Night Shyamalan,2000,USA,64,661500000
Pirates of the Caribbean: The Curse of the Black Pearl,PG,The Walt Disney Company / Buena Vista Pictures,Adventure,Johnny Depp,Geoffrey Rush,Orlando Bloom,Ted Elliott,Gore Verbinski,2003,USA,64,653200000
Star Wars: Episode II - Attack of the Clones,PG,20th Century Fox Film Corporation,Sci-fi,Ewan McGregor,Natalie Portman,Hayden Christensen,George Lucas,George Lucas,2002,USA,53,648200000
The Incredibles,PG,Buena Vista Pictures,Action,Craig T. Nelson,Holly Hunter,Samuel L. Jackson,Brad Bird,Brad Bird,2005,USA,90,624037578
Ice Age: The Meltdown,PG,Twentieth Century Fox Film Corporation,Animation,Ray Romano,John Leguizamo,Denis Leary,Jon Vitti,Carlos Saldanha,2006,USA,58,623829763
Ratatouille,G,Buena Vista Pictures,Animation,Patton Oswalt,Ian Holm,Lou Romano,Brad Bird,Brad Bird,2007,USA,96,615935493
The Lost World: Jurassic Park,PG,MCA/Universal Pictures,Action,Jeff Goldblum,Julianne Moore,Pete Postlethwaite,David Koepp,Steven Spielberg,2000,USA,59,614300000
The Passion of the Christ,R,Newmarket Film Group,Drama,James Caviezel,Maia Morgenstern,Monica Bellucci,Mel Gibson,Mel Gibson,2004,USA,47,604370943
War of the Worlds,PG,Paramount Pictures,Action,Tom Cruise,Justin Chatwin,Dakota Fanning,Josh Friedman,Steven Spielberg,2005,USA,73,591377056
Casino Royale,PG,Columbia Pictures / Sony Pictures Entertainment,Action,Daniel Craig,Eva Green,Mads Mikkelsen,Neal Purvis,Martin Campbell,2007,USA / UK / Czech Republic,81,587607184
Men in Black,PG,Columbia Tristar,Sci-fi,Tommy Lee Jones,Will Smith,Linda Fiorentino,Ed Solomon,Barry Sonnenfeld,2002,USA,71,587200000
Star Wars: Episode VI - Return of the Jedi,PG,20th Century Fox Film Corporation,Action,Mark Hamill,Harrison Ford,Carrie Fisher,George Lucas,Richard Marquand,2004,USA,52,572700000
Night at the Museum,PG,Twentieth Century-Fox Film Corporation,Action,Ben Stiller,Carla Gugino,Robin Williams,Ben Garant,Shawn Levy,2007,USA,48,571063268
Armageddon,PG,Touchstone Pictures,Suspense/Thriller,Bruce Willis,Billy Bob Thornton,Ben Affleck,Jonathan Hensleigh,Michael Bay,1999,USA,42,554600000
King Kong,PG,Universal Pictures,Action,Naomi Watts,Jack Black,Adrien Brody,Peter Jackson,Peter Jackson,2006,New Zealand / USA,81,547051260
Mission: Impossible II,PG,Paramount Pictures,Suspense/Thriller,Tom Cruise,Dougray Scott,Thandie Newton,Robert Towne,John Woo,2000,USA,60,545300000
Star Wars: Episode V - The Empire Strikes Back,PG,20th Century Fox,Action,Mark Hamill,Harrison Ford,Carrie Fisher,George Lucas,Irvin Kershner,2004,USA,78,533800000
Monsters Inc,G,Buena Vista Pictures,Family/Kids,Billy Crystal,John Goodman,James Coburn,Dan Gerson,Peter Docter,2002,USA,78,528900000
The Day After Tomorrow,PG,20th Century Fox Film Corporation,Action,Dennis Quaid,Jake Gyllenhaal,Emmy Rossum,Roland Emmerich,Roland Emmerich,2004,USA,48,527939919
The Simpsons Movie,PG,20th Century Fox,Animation,Dan Castellaneta,Julie Kavner,Nancy Cartwright,Matt Groening,David Silverman,2007,USA,80,525532370
Ghost,R,Paramount Pictures,Romance,Patrick Swayze,Demi Moore,Whoopi Goldberg,Bruce Joel Rubin,Jerry Zucker,2001,USA,52,517600000
Terminator 2: Judgment Day,R,Corolco Pictures,Suspense/Thriller,Arnold Schwarzenegger,Linda Hamilton,Edward Furlong,James Cameron,James Cameron,2003,USA,65,516800000
Indiana Jones and the Last Crusade,PG,Paramount Pictures,Adventure,Harrison Ford,Sean Connery,Denholm Elliott,George Lucas,Steven Spielberg,1990,USA,65,494800000
Twister,PG,Warner Bros.,Action,Helen Hunt,Bill Paxton,Cary Elwes,Michael Crichton,Jan de Bont,1997,USA,68,494700000
Toy Story 2,G,Walt Disney Pictures,Family/Kids,Tom Hanks,Tim Allen,Don Rickles,John Lasseter,Ash Brannon,2001,USA,87,485700000
Troy,R,Warner Bros.,Action,Brad Pitt,Eric Bana,Orlando Bloom,David Benioff,Wolfgang Petersen,2005,USA,56,481228348
Saving Private Ryan,R,DreamWorks Distribution,War,Tom Hanks,Tom Sizemore,Edward Burns,Robert Rodat,Steven Spielberg,1999,USA,90,479300000
Charlie and the Chocolate Factory,PG,Warner Bros.,Adventure,Johnny Depp,Freddie Highmore,David Kelly,John August,Tim Burton,2005,USA / UK,72,471856431
Jaws,PG,Universal Pictures,Adventure,Roy Scheider,Robert Shaw,Richard Dreyfuss,Peter Benchley,Steven Spielberg,2000,USA,79,470600000
Pretty Woman,R,Buena Vista Pictures,Romance,Richard Gere,Julia Roberts,Ralph Bellamy,J.F. Lawton,Garry Marshall,2003,USA,51,463400000
Bruce Almighty,PG,Universal Pictures,Fantasy,Jim Carrey,Jennifer Aniston,Morgan Freeman,Steve Koren,Tom Shadyac,2003,USA,46,458900000
300,R,Warner Bros. Pictures,Action,Gerard Butler,Lena Headey,Dominic West,Zack Snyder,Zack Snyder,2007,USA,51,456592590
The Matrix,R,Warner Bros.,Suspense/Thriller,Keanu Reeves,Laurence Fishburne,Carrie-Anne Moss,Andy Wachowski,Andy Wachowski,1999,USA,73,456300000
Gladiator,R,DreamWorks,Drama,Russel Crowe,Joaquin Phoenix,Connie Nielson,David H. Franzoni,Ridley Scott,2000,USA,64,456200000
X-Men: The Last Stand,PG,Twentieth Century Fox Film Corporation,Action,Patrick Stewart,Hugh Jackman,Ian McKellen,Zak Penn,Brett Ratner,2006,USA,58,455260014
Shrek,PG,DreamWorks Distribution L.L.C.,Fantasy,Mike Myers,Eddie Murphy,Cameron Diaz,William Steig,Andrew Adamson,2001,USA,84,455100000
Cars,G,Buena Vista Pictures,Animation,Owen Wilson,Bonnie Hunt,Paul Newman,Dan Fogelman,John Lasseter,2006,USA,73,454752771
Mission: Impossible,PG,Paramount Pictures,Action,Tom Cruise,Jon Voight,Emmanuelle Beart,Bruce Geller,Brian De Palma,1998,USA,60,452500000
Pearl Harbor,PG,Buena Vista Pictures,War,Ben Affleck,Josh Hartnett,Kate Beckinsale,Randall Wallace,Michael Bay,2001,USA,44,450400000
Ocean's Eleven,PG,Warner Bros.,Crime,George Clooney,Brad Pitt,Julia Roberts,Ted Griffin,Steven Soderbergh,2002,USA,74,444200000
The Bourne Ultimatum,PG,Universal Picture,Action,Matt Damon,Julia Stiles,Chris Cooper,Robert Ludlum,Paul Greengrass,2007,USA,85,440725045
The Last Samurai,R,Warner Bros.,Action,Tom Cruise,Billy Connolly,Tony Goldwyn,John Logan,Edward Zwick,2004,USA / New Zealand / Japan,55,435400000
Tarzan,G,Walt Disney Pictures,Family/Kids,Tony Goldwyn,Minnie Driver,Glenn Close,Tab Murphy,Chris Buck,2000,USA,79,435200000
Meet the Fockers,PG,Universal Pictures,Comedy,Robert De Niro,Ben Stiller,Dustin Hoffman,John Hamburg,Jay Roach,2005,USA,41,432667575
Mr. & Mrs. Smith,PG,Twentieth Century Fox Film Corp.,Action,Brad Pitt,Angelina Jolie,Adam Brody,Simon Kinberg,Doug Liman,2005,USA,55,427936103
Men in Black II,PG,Columbia Pictures / Sony Pictures Entertainment,Sci-fi,Tommy Lee Jones,Will Smith,Rip Torn,Robert Gordon,Barry Sonnenfeld,2002,USA,49,425600000
Die Another Day,PG,Metro-Goldwyn-Mayer,Suspense/Thriller,Pierce Brosnan,Halle Berry,Toby Stephens,Neal Purvis,Lee Tamahori,2003,UK / USA,56,424700000
Dances with Wolves,PG,Orion Pictures,Western,Kevin Costner,Mary McDonnell,Graham Greene,Michael Blake,Kevin Costner,1998,USA,72,424200000
Cast Away,PG,20th Century Fox Film Corporation,Drama,Tom Hanks,Helen Hunt,Christopher Noth,William Broyles Jr.,Robert Zemeckis,2001,USA,73,424000000
The Matrix Revolutions,R,Warner Bros.,Action,Keanu Reeves,Laurence Fishburne,Carrie-Anne Moss,Andy Wachowski,Andy Wachowski,2004,USA,48,424000000
Mrs. Doubtfire,PG,Twentieth Century Fox Film Corporation,Comedy,Robin Williams,Sally Field,Pierce Brosnan,Randi Mayem Singer,Chris Columbus,2003,USA,53,423200000
The Mummy Returns,PG,Universal Pictures,Suspense/Thriller,Brendan Fraser,Rachel Weisz,John Hannah,Stephen Sommers,Stephen Sommers,2001,USA,48,418700000
Terminator 3: Rise of the Machines,R,Warner Bros.,Suspense/Thriller,Arnold Schwarzenegger,Nick Stahl,Claire Danes,John D. Brancato,Jonathan Mostow,2003,USA / UK / Germany / Japan / Australia,66,418200000
The Mummy,PG,Universal Pictures,Suspense/Thriller,Brendan Fraser,Rachel Weisz,John Hannah,Stephen Sommers,Stephen Sommers,2000,USA,48,413300000
Batman,PG,Warner Bros.,Sci-fi,Michael Keaton,Jack Nicholson,Kim Basinger,Bob Kane,Tim Burton,1997,USA,66,413200000
Rain Man,R,United Artists,Drama,Dustin Hoffman,Tom Cruise,Valeria Golino,Ronald Bass,Barry Levinson,2000,USA,65,412800000
Signs,PG,Touchstone Pictures,Suspense/Thriller,Mel Gibson,Joaquin Phoenix,Rory Culkin,M. Night Shyamalan,M. Night Shyamalan,2003,USA,59,407900000
Madagascar,PG,DreamWorks Distribution LLC,Adventure,Ben Stiller,Chris Rock,David Schwimmer,Mark Burton,Eric Darnell,2005,USA,57,406800000
X2: X-Men United,PG,The 20th Century Fox Film Corporation,Suspense/Thriller,Patrick Stewart,Hugh Jackman,Ian McKellen,Daniel P. Harris,Bryan Singer,2003,USA,68,406400000
Mission: Impossible III,PG,Paramount Pictures,Action,Tom Cruise,Philip Seymour Hoffman,Ving Rhames,Alex Kurtzman,J.J. Abrams,2006,USA,66,395382309
Superman Returns,PG,Warner Bros. Pictures,Action,Brandon Routh,Kevin Spacey,Kate Bosworth,Michael Dougherty,Bryan Singer,2006,USA,72,389569408
Raiders of the Lost Ark,PG,Paramount Pictures,Action,Harrison Ford,Karen Allen,Paul Freeman,George Lucas,Steven Spielberg,2003,USA,90,383900000
Grease,PG,Paramount Pictures,Comedy,John Travolta,Olivia Newton-John,SStockard Channing,Jim Jacobs,Randal Kleiser,2006,USA,70,379800000
Happy Feet,PG,Warner Bros. Pictures,Adventure,Robin Williams,Hugh Jackman,Elijah Wood,Warren Coleman,George Miller,2007,Australia / USA,77,378992827
Beauty and the Beast ,No,Cowboy Pictures,Fantasy,Jean Marais,Josette Day,Mila Parely,Jean Cocteau,Jean Cocteau,1998,France,92,378300000
Ice Age,PG,20th Century Fox Film Corporation,Family/Kids,Ray Romano,John Leguizamo,Denis Leary,Michael Berg,Chris Wedge,2002,USA,60,378300000
Live Free or Die Hard,PG,Twentieth Century-Fox Film Corporation,Action,Bruce Willis,Timothy Olyphant,Justin Long,Mark Bomback,Len Wiseman,2007,USA,69,377520804
Godzilla,PG,Sony Pictures Entertainment,Suspense/Thriller,Matthew Broderick,Jean Reno,Maria Pitillo,Dean Devlin,Roland Emmerich,2002,USA,32,375800000
Click,PG,Sony Pictures Releasing,Comedy,Adam Sandler,Kate Beckinsale,Christopher Walken,Steve Koren,Frank Coraci,2006,USA,45,373040146
What Women Want,PG,Paramount Pictures,Romance,Mel Gibson,Helen Hunt,Marisa Tomei,Josh Goldsmith,Nancy Meyers,2001,USA,47,370800000
Hitch,PG,Columbia Pictures / Sony Pictures Entertainment,Comedy,Will Smith,Eva Mendes,Kevin James,Kevin Bisch,Andy Tennant,2005,USA,58,367600000
True Lies,R,Twentieth Century Fox Film Corporation,Action,Arnold Schwarzenegger,Jamie Lee Curtis,Tom Arnold,James Cameron,James Cameron,1999,USA,63,365200000
Die Hard: With a Vengeance,R,Twentieth Century Fox Film Corp.,Action,Bruce Willis,Jeremy Irons,Samuel L. Jackson,Jonathan Hensleigh,John McTiernan,2001,USA,58,365000000
Notting Hill,PG,Universal Pictures,Romance,Julia Roberts,Hugh Grant,Rhys Ifans,Richard Curtis,Roger Michell,1999,UK / USA,66,363000000
Jurassic Park III,PG,Universal Pictures,Sci-fi,Sam Neill,Tea Leoni,William H. Macy,Peter Buchman,Joe Johnston,2001,USA,42,362900000
There's Something About Mary,R,20th Century Fox Film Corporation,Comedy,Cameron Diaz,Matt Dillon,Ben Stiller,Ed Decter,Bobby Farrelly,2001,USA,69,360000000
Planet of the Apes,PG,20th Century Fox Film Corporation,Sci-fi,Mark Wahlberg,Tim Roth,Helena Bonham Carter,Pierre Boulle,Tim Burton,2001,USA,50,358900000
The Flintstones,PG,Universal Pictures,Comedy,John Goodman,Elizabeth Perkins,Rick Moranis,Tom S. Parker,Brian Levant,2002,USA,38,358500000
Toy Story,G,Buena Vista Pictures,Family/Kids,Tom Hanks,Tim Allen,Don Rickles,Joss Whedon,John Lasseter,2005,USA,91,358100000
Minority Report,PG,DreamWorks Distribution LLC,Suspense/Thriller,Tom Cruise,Max von Sydow,Steve Harris,Scott Frank,Steven Spielberg,2002,USA,80,358000000
My Big Fat Greek Wedding,PG,IFC Films,Romance,Nia Vardalos,John Corbett,Lainie Kazan,Nia Vardalos,Joel Zwick,2003,USA,62,356500000
Basic Instinct,R,TriStar Pictures,Suspense/Thriller,Michael Douglas,Sharon Stone,Jeanne Tripplehorn,Joe Eszterhas,Paul Verhoeven,2001,USA,34,352700000
Batman Begins,PG,Warner Bros.,Action,Christian Bale,Michael Caine,Liam Neeson,Christopher Nolan,Christopher Nolan,2005,USA,70,352000000
GoldenEye,PG,MGM / UA,Action,Pierce Brosnan,Sean Bean,Izabella Scorupco,Jeffrey Caine,Martin Campbell,2002,UK / USA,65,351500000
Ocean's Twelve,PG,Warner Bros.,Action,George Clooney,Brad Pitt,Matt Damon,George Nolfi,Steven Soderbergh,2005,USA,58,351331634
Seven (Se7en),R,New Line Cinema,Suspense/Thriller,Morgan Freeman,Brad Pitt,Kevin Spacey,Andrew Kevin Walker,David Fincher,2000,USA,65,350100000
Hannibal,R,Universal Pictures,Suspense/Thriller,Anthony Hopkins,Julianne Moore,Giancarlo Giannini,Thomas Harris,Ridley Scott,2001,USA,57,349200000
Who Framed Roger Rabbit,PG,Buena Vista Pictures,Noir,Bob Hoskins,Christopher Lloyd,Joanna Cassidy,Jeffrey Price,Robert Zemeckis,2003,USA,83,349200000
Deep Impact,PG,Paramount Pictures,Drama,Robert Duvall,Tea Leoni,Elijah Wood,Bruce Joel Rubin,Mimi Leder,2002,USA,40,348600000
Dinosaur,PG,Buena Vista Pictures,Family/Kids,Julianna Margulies,D.B. Sweeney,Joan Plowright,John Harrison,Eric Leighton,2001,USA,56,347800000
Pocahontas,G,Buena Vista Pictures,Animation,Irene Bedard,Mel Gibson,Christian Bale,Carl Binder,Mike Gabriel,2005,USA,58,347100000
Tomorrow Never Dies,PG,MGM / UA,Action,Pierce Brosnan,Jonathan Pryce,Michelle Yeoh,Bruce Feirstein,Roger Spottiswoode,2002,UK / USA,56,346600000
I Robot,PG,Twentieth Century Fox Film Corporation,Action,Will Smith,Bridget Moynahan,Alan Tudyk,Jeff Vintar,Alex Proyas,2004,USA,59,342795350
National Treasure,PG,Buena Vista Pictures,Action,Nicolas Cage,Harvey Keitel,Jon Voight,Cormac Wibberley,Jon Turteltaub,2005,USA,39,337605002
Catch Me If You Can,PG,DreamWorks Distribution LLC,Drama,Leonardo DiCaprio,Tom Hanks,Christopher Walken,Jeff Nathanson,Steven Spielberg,2003,USA,76,337400000
American Beauty,R,DreamWorks,Drama,Kevin Spacey,Annette Bening,Thora Birch,Alan Ball,Sam Mendes,2000,USA,86,336000000
Batman Forever,PG,Warner Bros.,Action,Val Kilmer,Tommy Lee Jones,Jim Carrey,Lee Batchler,Joel Schumacher,2005,USA,51,335000000
Apollo 13,PG,MCA / Universal Pictures,Drama,Tom Hanks,Bill Paxton,Kevin Bacon,Jim Lovell & Jeffrey Kluger,Ron Howard,2005,USA,77,334100000
The Rock,R,Buena Vista Pictures,Action,Sean Connery,Nicolas Cage,Ed Harris,David Weisberg,Michael Bay,2001,USA,59,330500000
Over the Hedge,PG,Paramount Pictures,Animation,Bruce Willis,Garry Shandling,Steve Carell,Len Blum,Tim Johnson,2006,USA,67,329619340
Fantastic Four,PG,Twentieth Century Fox Film Corp.,Action,Ioan Gruffudd,Michael Chiklis,Jessica Alba,Michael France,Tim Story,2005,USA / Germany,40,329295569
Rush Hour 2,PG,New Line Cinema,Crime,Jackie Chan,Chris Tucker,Chris Penn,Ross LaManna,Brett Ratner,2001,USA,48,329100000
The Perfect Storm,PG,Warner Bros.,Suspense/Thriller,George Clooney,Mark Wahlberg,Diane Lane,Sebastian Junger,Wolfgang Petersen,2000,USA,59,327000000
The Devil Wears Prada,PG,Twentieth Century Fox Film Corporation,Comedy,Meryl Streep,Anne Hathaway,Emily Blunt,Aline Brosh McKenna,David Frankel,2006,USA,62,324432962
Schindler's List,R,MCA/Universal Pictures,War,Liam Neeson,Ben Kingsley,Ralph Fiennes,Steven Zaillian,Steven Spielberg,2004,USA,93,321200000
The Mask,PG,New Line Cinema,Action,Jim Carrey,Cameron Diaz,Peter Riegert,Mike Werb,Chuck Russell,1997,USA,56,320900000
Fatal Attraction,R,Paramount Pictures,Drama,Michael Douglas,Glenn Close,Anne Archer,Nicholas Meyer,Adrian Lyne,2002,USA,67,320100000
Lethal Weapon 3,R,Warner Bros. Pictures,Action,Mel Gibson,Danny Glover,Rene Russo,Robert Mark Kamen,Richard Donner,1997,USA,36,319700000
Air Force One,R,Columbia Pictures,Action,Harrison Ford,Gary Oldman,Glenn Close,Andrew W. Marlowe,Wolfgang Petersen,1998,USA,61,315000000
As Good As It Gets,PG,Sony Pictures Entertainment,Romance,Jack Nicholson,Helen Hunt,Greg Kinnear,Mark Andrus,James L. Brooks,1998,USA,67,313300000
Ocean's Thirteen,PG,Warner Bros. Pictures,Comedy,Brad Pitt,George Clooney,Matt Damon,Brian Koppelman,Steven Soderbergh,2007,USA,62,311144465
Austin Powers: The Spy Who Shagged Me,PG,New Line Cinema,Comedy,Mike Myers,Heather Graham,Michael York,Mike Myers,Jay Roach,1999,USA,59,309600000
Ransom,R,Buena Vista Pictures,Action,Mel Gibson,Rene Russo,Brawley Nolte,Richard Price,Ron Howard,2005,USA,60,308700000
Runaway Bride,PG,Paramount Pictures,Romance,Julia Roberts,Richard Gere,Joan Cusack,Josann McGibbon,Garry Marshall,2000,USA,39,307900000
Chicago,PG,Miramax Films,Musical,Catherine ZetiJones,Rene Zellweger,Richard Gere,Bill Condon,Rob Marshall,2003,USA / Canada,82,306400000
Liar Liar,PG,MCA / Universal Pictures,Comedy,Jim Carrey,Maura Tierney,Justin Cooper,Paul Guay,Tom Shadyac,2003,USA,68,306300000
Shark Tale,PG,DreamWorks Distribution LLC,Animation,Will Smith,Robert De Niro,Rene Zellweger,Rob Letterman,Bibo Bergeron,2005,USA,48,306162022
101 Dalmatians,G,Buena Vista Pictures,Adventure,Glenn Close,Jeff Daniels,Joely Richardson,John Hughes,Stephen Herek,1998,USA,49,304200000
Mulan,G,Buena Vista Pictures / Walt Disney Pictures,Adventure,Ming-Na,B.D. Wong,Soon-Tek Oh,Rita Hsiao,Tony Bancroft,2004,USA,71,303500000
First Blood,R,Orion Pictures Corporation,Action,Sylvester Stallone,Richard Crenna,Brian Dennehy,Michael Kozoll,Ted Kotcheff,1998,USA,62,300400000
Chicken Little,G,Buena Vista Pictures,Action,Zach Braff,Garry Marshall,Joan Cusack,Steve Bencich,Mark Dindal,2006,USA,48,298181507
The Pursuit of Happyness,PG,Columbia Pictures / Sony Pictures Entertainment,Drama,Will Smith,Jaden Smith,Thandie Newton,Steve Conrad,Gabriele Muccino,2007,USA,64,297986036
Stuart Little,PG,Sony Pictures Entertainment,Fantasy,Jonathan Lipnicki,Geena Davis,Hugh Laurie,E.B. White,Rob Minkoff,2000,USA,61,297600000
Look Who's Talking,PG,Columbia Pictures,Comedy,John Travolta,Kirstie Alley,Olympia Dukakis,Amy Heckerling,Amy Heckerling,1998,USA,51,297100000
Meet The Parents,PG,Universal Pictures,Comedy,Ben Stiller,Robert De Niro,Nicole DeHuff,Greg Glienna,Jay Roach,1969,USA,73,295500000
X-Men,PG,20th Century Fox Film Corp.,Sci-fi,Patrick Stewart,Hugh Jackson,Ian McKellen,Tom DeSanto,Bryan Singer,2000,USA,64,294100000
Superman,PG,Warner Bros.,Action,Christopher Reeve,Marlon Brando,Gene Hackman,Jerry Siegel,Richard Donner,2001,USA,88,289400000
The Departed,R,Warner Bros. Pictures,Crime,Leonardo DiCaprio,Matt Damon,Jack Nicholson,William Monahan,Martin Scorsese,2007,USA,86,289373442
Shakespeare in Love,R,Miramax Films,Romance,Gwyneth Paltrow,Joseph Fiennes,Geoffrey Rush,Marc Norman,John Madden,1999,USA / UK,87,289100000
Austin Powers in Goldmember,PG,New Line Cinema,Comedy,Mike Myers,Beyonce Knowles,Michael York,Mike Myers,Jay Roach,2002,USA,62,289000000
Coming to America,R,Paramount Pictures,Comedy,Eddie Murphy,Arsenio Hall,James Earl Jones,Eddie Murphy,John Landis,1999,USA,48,288800000
My Best Friend's Wedding,PG,Sony Pictures Entertainment,Romance,Julia Roberts,Dermot Mulroney,Cameron Diaz,Ronald Bass,P.J. Hogan,2001,USA,50,286900000
Lethal Weapon 4,R,Warner Bros.,Suspense/Thriller,Mel Gibson,Danny Glover,Joe Pesci,Channing Gibson,Richard Donner,2001,USA,37,284700000
Speed,R,Twentieth Century Fox Film Corporation,Action,Keanu Reeves,Dennis Hopper,Sandra Bullock,Graham Yost,Jan de Bont,2002,USA,78,283200000
Wedding Crashers,R,New Line Cinema,Comedy,Owen Wilson,Vince Vaughn,Rachel McAdams,Steve Faber,David Dobkin,2006,USA,64,282718368
The Polar Express,G,Warner Bros.,Animation,Tom Hanks,Leslie Harter Zemeckis,Eddie Deezen,Robert Zemeckis,Robert Zemeckis,2005,USA,61,277810096
American Pie 2,R,Universal Pictures,Comedy,Jason Biggs,Tara Reid,Chris Klein,Adam Herz,James B. Rogers,2002,USA,43,276400000
What Lies Beneath,PG,DreamWorks,Suspense/Thriller,Harrison Ford,Michelle Pfeiffer,Diana Scarwid,Sarah Kernochan,Robert Zemeckis,2001,USA,51,275500000
Van Helsing,PG,Universal Pictures,Action,Hugh Jackman,Kate Beckinsale,Richard Roxburgh,Stephen Sommers,Stephen Sommers,2004,USA,36,275025245
Spirited Away,PG,Walt Disney Pictures / Buena Vista Pictures,Fantasy,Daveigh Chase,Michael Chiklis,Susan Egan,Hayao Miyazaki,Hayao Miyazaki,2003,Japan,94,274949886
Jerry Maguire,R,Sony/TriStar,Romance,Tom Cruise,Cuba Gooding Jr.,Rene Zellweger,Cameron Crowe,Cameron Crowe,1997,USA,77,273600000
The Silence of the Lambs,R,Orion Pictures Corporation,Suspense/Thriller,Anthony Hopkins,Jodie Foster,Ted Levine,Thomas Harris,Jonathan Demme,1998,USA,84,272700000
The Bourne Supremacy,PG,Universal Pictures,Action,Matt Damon,Franka Potente,Brian Cox,Tony Gilroy,Paul Greengrass,2004,USA,73,272549130
The Nutty Professor,PG,Universal Pictures,Comedy,Eddie Murphy,Jada Pinkett Smith,James Coburn,David Sheffield & Barry W. Blaustein,Tom Shadyac,2005,USA,62,269300000
Scooby-Doo,PG,Warner Bros.,Family/Kids,Freddie Prinze Jr.,Sarah Michelle Gellar,Matthew Lillard,James Gunn,Raja Gosnell,2002,USA / Australia,35,267600000
XXX,PG,Sony Pictures Entertainment / Columbia Pictures,Suspense/Thriller,Vin Diesel,Samuel L. Jackson,Asia Argento,Rich Wilkes,Rob Cohen,2002,Czech Republic / USA,48,267200000
Indecent Proposal,R,Paramount Pictures,Drama,Robert Redford,Demi Moore,Woody Harrelson,Amy Holden Jones,Adrian Lyne,2002,USA,35,266600000
Jumanji,PG,TriStar Pictures,Action,Robin Williams,Jonathan Hyde,Kirsten Dunst,Jonathan Hensleigh,Joe Johnston,2003,USA,39,264600000
The Fifth Element,PG,Columbia Pictures,Sci-fi,Bruce Willis,Gary Oldman,Ian Holm,Luc Besson,Luc Besson,1997,USA,52,263600000
Lilo & Stitch,PG,Walt Disney Pictures,Family/Kids,Daveigh Chase,Jason Scott Lee,Tia Carrere,Chris Sanders,Dean Deblois,2002,USA,73,262700000
The Firm,R,Paramount Pictures,Drama,Tom Cruise,Jeanne Tripplehorn,Gene Hackman,David Rabe,Sydney Pollack,2000,USA,58,262300000
Bad Boys II,R,Sony Pictures Entertainment / Columbia Pictures,Suspense/Thriller,Martin Lawrence,Will Smith,Gabrielle Union,Ron Shelton,Michael Bay,2003,USA,38,261900000
Total Recall,R,TriStar Pictures,Suspense/Thriller,Arnold Schwarzenegger,Rachel Ticotin,Sharon Stone,Philip K. Dick,Paul Verhoeven,2001,USA,57,261400000
Borat: Cultural Learnings of America for Make Benefit Glorious Nation of Kazakhstan,R,Twentieth Century-Fox Film Corporation,Comedy,Sacha Baron Cohen,Pamela Anderson,Ken Davitian,Sacha Baron Cohen,Larry Charles,2007,USA,89,260405958
Scary Movie,R,Dimension Films,Mystery,Carmen Electra,Shannon Elizabeth,Marlon Wayans,Phil Beauman,Keenen Ivory Wayans,2000,USA,48,259900000
Charlie's Angels,PG,Columbia Pictures,Comedy,Cameron Diaz,Drew Barrymore,Lucy Liu,Ivan Goff,McG (Joseph McGinty Nichol),2001,USA,52,258500000
The Full Monty,R,20th Century Fox,Comedy,Robert Carlyle,Mark Addy,William Snape,Simon Beaufoy,Peter Cattaneo,1999,UK,75,256900000
Erin Brockovich,R,Universal Pictures,Drama,Julia Roberts,Albert Finney,Aaron Eckhart,Susannah Grant,Steven Soderbergh,2000,USA,73,256500000
Waterworld,PG,MCA / Universal Pictures,Sci-fi,Kevin Costner,Chaim Girafi,Jeanne Tripplehorn,Peter Rader,Kevin Reynolds,1997,USA,56,255200000
Cliffhanger,R,TriStar Pictures,Action,Sylvester Stallone,John Lithgow,Michael Rooker,Michael France,Renny Harlin,2000,USA,60,255000000
Bridget Jones's Diary,R,Miramax Films,Romance,Rene Zellweger,Colin Firth,Hugh Grant,Richard Curtis,Sharon Maguire,2001,UK / USA,66,254400000
Charlie's Angels: Full Throttle,PG,Sony Pictures Entertainment,Action,Cameron Diaz,Drew Barrymore,Lucy Liu,John August,McG,2003,USA,48,252500000
Lara Croft: Tomb Raider,PG,Paramount Pictures,Mystery,Angelina Jolie,Daniel Craig,Leslie Phillips,Patrick Massett,Simon West,2001,UK / USA,33,251600000
You've Got Mail,PG,Warner Bros.,Romance,Tom Hanks,Meg Ryan,Greg Kinnear,Nora Ephron,Nora Ephron,1999,USA,57,250700000
The Truman Show,PG,Paramount Pictures,Fantasy,Jim Carrey,Laura Linney,Noah Emmerich,Andrew Niccol,Peter Weir,1999,USA,90,249200000
Babe,G,Universal Pictures,Family/Kids,Christine Cavanaugh,James Cromwell,Magda Szubanski,Chris Noonan,Chris Noonan,1999,Australia / USA,83,249000000
Unbreakable,PG,Buena Vista Pictures,Suspense/Thriller,Bruce Willis,Samuel L. Jackson,Robin Wright Penn,M. Night Shyamalan,M. Night Shyamalan,2001,USA,62,248900000
Robots,PG,Twentieth Century Fox Film Corp.,Animation,Ewan McGregor,Halle Berry,Greg Kinnear,Lowell Ganz,Chris Wedge,2005,USA,64,245600000
Eragon,PG,Fox 2000 Pictures,Action,Edward Speleers,Sienna Guillory,Garrett Hedlund,Peter Buchman,Stefen Fangmeier,2007,USA,38,245230163
Rush Hour,PG,New Line Cinema,Comedy,Jackie Chan,Chris Tucker,Tom Wilkinson,Ross LaManna,Brett Ratner,2001,USA,60,245200000
Enemy of the State,R,Buena Vista Pictures,Suspense/Thriller,Will Smith,Gene Hackman,Jon Voight,David Marconi,Tony Scott,2002,USA,67,245100000
The Godfather,R,Paramount Pictures,Drama,Marlon Brando,Al Pacino,John Cazale,Mario Puzo,Francis Ford Coppola,2001,USA,100,244900000
Four Weddings and a Funeral,R,PolyGram Filmed Entertainment,Romance,Hugh Grant,James Fleet,Simon Callow,Richard Curtis,Mike Newell,1999,UK,81,244100000
Wild Hogs,PG,Touchstone Pictures,Adventure,Tim Allen,John Travolta,Martin Lawrence,Brad Copeland,Walt Becker,2007,USA,27,243213584
8 Mile,R,Universal Pictures,Musical,Eminem,Kim Basinger,Brittany Murphy,Scott Silver,Curtis Hanson,2003,USA,77,242300000
Face/Off,R,Paramount Pictures,Action,John Travolta,Nicolas Cage,Joan Allen,Mike Werb,John Woo,2002,USA,82,241600000
The Blair Witch Project,R,Artisan Entertainment,Suspense/Thriller,Heather Donahue,Michael C. Williams,Joshua Leonard,Daniel Myrick,Daniel Myrick,2000,USA,81,240500000
Love Actually,R,Universal Pictures,Comedy,Hugh Grant,Alan Rickman,Emma Thompson,Richard Curtis,Richard Curtis,2004,UK,55,239200000
Batman & Robin,PG,Warner Bros.,Action,George Clooney,Chris O'Donnell,Arnold Schwarzenegger,Akiva Goldsman,Joel Schumacher,1997,USA,28,237200000
Saturday Night Fever,R,Paramount Pictures,Musical,John Travolta,Karen Lynn Gorney,Barry Miller,Norman Wexler,John Badham,2002,USA,77,237113184
Dead Poets Society,PG,Touchstone/Buena Vista Pictures,Drama,Robin Williams,Robert Sean Leonard,Ethan Hawke,Tom Schulman,Peter Weir,1998,USA,79,235900000
2 Fast 2 Furious,PG,Universal Pictures,Suspense/Thriller,Paul Walker,Tyrese,Cole Hauser,Michael Brandt,John Singleton,2003,USA,38,234400000
Eraser,R,Warner Bros.,Action,Arnold Schwarzenegger,James Caan,Vanessa L. Williams,Tony Puryear,Chuck Russell,1997,USA,56,234400000
Big Daddy,PG,Columbia Pictures / Sony Pictures Entertainment,Comedy,Adam Sandler,Joey Lauren Adams,Jon Stewart,Steve Franks,Dennis Dugan,2001,USA,41,233500000
The Mask of Zorro,PG,Sony Pictures Entertainment,Adventure,Antonio Banderas,Jose Maria de Tavira,Anthony Hopkins,John Eskow,Martin Campbell,2001,USA,63,233400000
Bean,PG,Gramercy Pictures,Comedy,Rowan Atkinson,Peter MacNicol,John Mills,Richard Curtis,Mel Smith,2005,UK / USA,52,232000000
The English Patient,R,Miramax Films,Romance,Ralph Fiennes,Juliette Binoche,Willem Dafoe,Anthony Minghella,Anthony Minghella,1998,USA,87,231700000
American Wedding,R,Universal Pictures,Romance,Jason Biggs,Seann William Scott,Alyson Hannigan,Adam Herz,Jesse Dylan,2004,USA,43,230700000
Gone in Sixty Seconds,PG,Buena Vista Pictures,Crime,Nicolas Cage,Angelina Jolie,Giovanni Ribisi,Scott Rosenberg,Dominic Sena,2000,USA,35,230500000
The Ring,PG,DreamWorks Distribution LLC,Suspense/Thriller,Naomi Watts,Martin Henderson,David Dorfman,Ehren Kruger,Gore Verbinski,2003,USA / Japan,57,230100000
Constantine,R,Warner Bros.,Action,Keanu Reeves,Rachel Weisz,Shia LaBeouf,Kevin Brodbin,Francis Lawrence,2005,USA,50,229500000
Bridget Jones: The Edge of Reason,R,Universal Pictures,Comedy,Rene Zellweger,Colin Firth,Hugh Grant,Andrew Davies,Beeban Kidron,2005,UK,44,228203020
Sleepless in Seattle,PG,TriStar Pictures,Comedy,Tom Hanks,Meg Ryan,Bill Pullman,Nora Ephron,Nora Ephron,2003,USA,71,227900000
Something's Gotta Give,PG,Sony Pictures Entertainment,Comedy,Jack Nicholson,Diane Keaton,Amanda Peet,Nancy Meyers,Nancy Meyers,2004,USA,66,227500000
Lethal Weapon 2,R,Warner Bros. Pictures,Action,Mel Gibson,Danny Glover,Joe Pesci,Shane Black,Richard Donner,1997,USA,70,227300000
Brother Bear,G,Buena Vista Pictures / Walt Disney Pictures,Adventure,Joaquin Phoenix,Jeremy Suarez,Jason Raize,Steve Bencich,Aaron Blaise,2004,USA,48,226029248
Good Will Hunting,R,Miramax Films,Drama,Robin Williams,Matt Damon,Ben Affleck,Matt Damon,Gus Van Sant,1999,USA,70,225800000
Con Air,R,Buena Vista Pictures,Action,Nicolas Cage,John Malkovich,John Cusack,Scott Rosenberg,Simon West,1998,USA,52,223100000
Mr. Bean's Holiday,PG,Universal Pictures,Comedy,Rowan Atkinson,Steve Pemberton,Preston Nyman,Rowan Atkinson,Steve Bendelack,2007,UK,56,221953210
Fahrenheit 9/11,No,Lions Gate Films / IFC Films / Fellowship Adventure Group,Documentary,Michael Moore,George W. Bush,,Michael Moore,Michael Moore,2004,USA,67,220078393
Ghost Rider,PG,Sony Pictures Releasing,Action,Nicolas Cage,Eva Mendes,Peter Fonda,Mark Steven Johnson,Mark Steven Johnson,2007,USA,35,219702596
Elf,PG,New Line Cinema,Comedy,Will Ferrell,James Caan,Mary Steenburgen,David Berenbaum,Jon Favreau,2004,USA,64,219700000
Knocked Up,R,Universal Pictures,Comedy,Seth Rogen,Katherine Heigl,Paul Rudd,Judd Apatow,Judd Apatow,2007,USA,85,218734225
The Prince of Egypt,PG,DreamWorks Distribution LLC,Animation,Val Kilmer,Ralph Fiennes,Michelle Pfeiffer,Philip LaZebnik,Brenda Chapman,2003,USA,64,218400000
Flightplan,PG,Buena Vista Pictures,Drama,Jodie Foster,Peter Sarsgaard,Sean Bean,Peter A. Dowling,Robert Schwentke,2006,USA,53,218306988
Wild Wild West,PG,Warner Bros.,Western,Will Smith,Kevin Kline,Kenneth Branagh,S.S. Wilson,Barry Sonnenfeld,1999,USA,38,217700000
Twins,PG,Universal Pictures,Comedy,Arnold Schwarzenegger,Danny DeVito,Kelly Preston,William Davies,Ivan Reitman,1998,USA,53,216600000
Ghostbusters II,PG,Columbia Pictures,Action,Bill Murray,Dan Aykroyd,Harold Ramis,Dan Aykroyd,Ivan Reitman,2005,USA,56,215400000
The Patriot,R,Sony Pictures Entertainment,War,Mel Gibson,Heath Ledger,Joely Richardson,Robert Rodat,Roland Emmerich,2000,USA,63,215300000
The Bourne Identity,PG,MCA/Universal Pictures,Suspense/Thriller,Matt Damon,Franka Potente,Clive Owen,Tony Gilroy,Doug Liman,2003,Czech Republic / USA,68,213500000
Crouching Tiger Hidden Dragon,PG,Sony Pictures Classics,Fantasy,Chow Yun-Fat,Michelle Yeoh,Zhang Ziyi,Hui-Ling Wang,Ang Lee,2001,China / Taiwan / USA,93,213200000
Pulp Fiction,R,Miramax Films,Suspense/Thriller,John Travolta,Samuel L. Jackson,Uma Thurman,Quentin Tarantino,Quentin Tarantino,1998,USA,94,212900000
Vertical Limit,PG,Columbia Pictures,Adventure,Chris O'Donnell,Bill Paxton,Robin Tunney,Robert King,Martin Campbell,2001,USA,48,212300000
Ace Ventura: When Nature Calls,PG,Warner Bros.,Action,Jim Carrey,Ian McNeice,Simon Callow,Steve Oedekerk,Steve Oedekerk,1997,USA,45,212300000
Disclosure,R,Warner Bros.,Drama,Michael Douglas,Demi Moore,Donald Sutherland,Michael Crichton,Barry Levinson,1997,USA,58,212000000
Entrapment,PG,20th Century Fox Film Corporation,Suspense/Thriller,Sean Connery,Catherine ZetiJones,Ving Rhames,Ronald Bass,Jon Amiel,2000,USA / UK / Germany,54,211700000
Master and Commander: The Far Side of the World,PG,20th Century Fox Film Corporation,Action,Russell Crowe,Paul Bettany,James D'Arcy,Peter Weir,Peter Weir,2004,USA,81,210326386
The Others,PG,Dimension Films,Suspense/Thriller,Nicole Kidman,Christopher Eccleston,Fionnula Flanagan,Alejandro AmenA!bar,Alejandro AmenA!bar,2002,France / Spain / USA,74,209700000
End of Days,R,Universal Pictures,Suspense/Thriller,Arnold Shwarzenneger,Gabriel Byrne,Robin Tunney,Andrew W. Marlowe,Peter Hyams,2000,USA,33,209300000
Red Dragon,R,MCA/Universal Pictures,Suspense/Thriller,Anthony Hopkins,Edward Norton,Ralph Fiennes,Ted Tally,Brett Ratner,2003,USA,60,208600000
Kingdom of Heaven,R,20th Century Fox Pictures,Action,Orlando Bloom,Eva Green,Brendan Gleeson,William Monahan,Ridley Scott,2005,USA / Spain / UK,63,208300000
Collateral,R,DreamWorks Distribution LLC,Action,Tom Cruise,Jamie Foxx,Jada Pinkett Smith,Stuart Beattie,Michael Mann,2004,USA,71,208003492
Clear and Present Danger,PG,Paramount Pictures,Action,Harrison Ford,Willem Dafoe,Anne Archer,Tom Clancy,Phillip Noyce,2002,USA,74,207500000
Million Dollar Baby,PG,Warner Bros.,Drama,Clint Eastwood,Hilary Swank,Morgan Freeman,Paul Haggis,Clint Eastwood,2005,USA,86,207400000
Miss Congeniality,PG,Warner Bros.,Comedy,Sandra Bullock,Benjamin Bratt,Michael Caine,Marc Lawrence,Donald Petrie,2001,USA,43,207000000
JFK,R,Warner Bros. Pictures,Drama,Kevin Costner,Tommy Lee Jones,Kevin Bacon,Oliver Stone,Oliver Stone,1997,USA,71,205400000
Traffic,R,USA Films,Drama,Michael Douglas,Don Cheadle,Benicio Del Toro,Simon Moore,Steven Soderbergh,2001,Germany / USA,86,204800000
Braveheart,R,Paramount Pictures,War,Mel Gibson,Sophie Marceau,Patrick McGoohan,Randall Wallace,Mel Gibson,2000,USA,66,204000000
The Break-Up,PG,Universal Pictures,Comedy,Jennifer Aniston,Vince Vaughn,Jon Favreau,Jeremy Garelick,Peyton Reed,2006,USA,45,202483135
Sleepy Hollow,R,Paramount Pictures,Romance,Johnny Depp,Christina Ricci,Casper Van Dien,Washington Irving,Tim Burton,2000,USA,65,202000000
Kindergarten Cop,PG,Universal Pictures,Action,Arnold Schwarzenegger,Penelope Ann Miller,Pamela Reed,Murray Salem,Ivan Reitman,1998,USA,61,202000000
American Pie,R,Universal Pictures,Comedy,Jason Biggs,Eugene Levy,Chris Klein,Adam Herz,Paul Weitz,1999,USA,58,201700000
Philadelphia,PG,TriStar Pictures,Drama,Tom Hanks,Denzel Washington,Antonio Banderas,Ron Nyswaner,Jonathan Demme,2004,USA,66,201300000
Vanilla Sky,R,Paramount Pictures,Suspense/Thriller,Tom Cruise,Penelope Cruz,Kurt Russell,Cameron Crowe,Cameron Crowe,2002,USA,45,201000000
Brokeback Mountain,R,Focus Features,Drama,Jake Gyllenhaal,Heath Ledger,Michelle Williams,Larry McMurtry,Ang Lee,2006,USA,87,180343761
Mr. Deeds,PG,Columbia Pictures / Sony Pictures Entertainment,Romance,Adam Sandler,Winona Ryder,John Turturro,Tim Herlihy,Steven Brill,2002,USA,24,171269535
Alien vs. Predator,PG,Twentieth Century Fox Film Corporation,Action,Sanaa Lathan,Raoul Bova,Lance Henriksen,Paul W.S. Anderson,Paul W.S. Anderson,2005,Czech Republic / Canada,29,171181096
Mystic River,R,Warner Bros.,Drama,Sean Penn,Tim Robbins,Kevin Bacon,Brian Helgeland,Clint Eastwood,2004,USA,84,156835191
Kill Bill: Volume 2,R,Miramax Films,Action,Uma Thurman,David Carradine,Sonny Chiba,Quentin Tarantino,Quentin Tarantino,2004,USA,83,150907920
L.A. Confidential,R,Warner Bros.,Mystery,Kevin Spacey,Russell Crowe,Guy Pearce,James Ellroy,Curtis Hanson,1998,USA,90,126216940
Mortal Kombat,PG,New Line Cinema,Action,Christopher Lambert,Robin Shou,Linden Ashby,Kevin Droney,Paul W.S. Anderson,1997,USA,58,122133227
Beverly Hills Cop III,R,Paramount Pictures,Adventure,Eddie Murphy,Judge Reinhold,Bronson Pinchot,Danilo Bach,John Landis,2002,USA,15,119180938
The Queen,PG,Miramax Films,Drama,Helen Mirren,Michael Sheen,James Cromwell,Peter Morgan,Stephen Frears,2007,UK / France / Italy,91,113559950
Sideways,R,Fox Searchlight Pictures,Adventure,Paul Giamatti,Thomas Haden Church,Virginia Madsen,Alexander Payne,Alexander Payne,2005,USA,94,109502303
Superman II,PG,Warner Bros. Pictures,Action,Gene Hackman,Christopher Reeve,Ned Beatty,Mario Puzo,Richard Lester,2001,UK,99,108185706
Lost in Translation,R,Focus Features,Comedy,Scarlett Johansson,Bill Murray,Giovanni Ribisi,Sofia Coppola,Sofia Coppola,2004,USA,89,106454000
The Iron Giant,PG,Warner Brothers,Sci-fi,Jennifer Aniston,Vin Diesel,Harry Connick,Brad Bird,Brad Bird,1999,USA,85,103159305
Unforgiven,R,Warner Bros.,Western,Clint Eastwood,Gene Hackman,Morgan Freeman,David Webb Peoples,Clint Eastwood,1997,USA,82,101157447
Wallace & Gromit: The Curse of the Were-Rabbit,G,DreamWorks Distribution LLC,Adventure,Peter Sallis,Ralph Fiennes,Helena Bonham Carter,Bob Baker,Steve Box,2006,UK,87,93363420
Shanghai Noon,PG,Buena Vista Pictures,Western,Jackie Chan,Owen Wilson,Rafael Baez,Miles Millar,Tom Dey,2000,USA,77,71189835
Lawrence of Arabia ,PG,Columbia Pictures,War,Peter O'Toole,Alec Guinness,Anthony Quinn,Robert Bolt,David Lean,2001,UK,100,69995385
Children of Men,R,Universal Pictures,Adventure,Clive Owen,Julianne Moore,Michael Caine,Alfonso Cuaron,Alfonso Cuaron,2007,UK / USA,84,69450202
The French Connection,R,Two Boots Pioneer Theater,Suspense/Thriller,Gene Hackman,Fernando Rey,Roy Scheider,Ernest Tidyman,William Friedkin,2001,USA,96,51700000
Mortal Kombat: Annihilation,PG,New Line Cinema,Action,Robin Shou,James Remar,Talisa Soto,Brent V. Friedman & Bryce Zabel,John R. Leonetti,2004,USA,11,51327406
Yu-Gi-Oh!,PG,Warner Bros. Pictures Inc.,Action,Dan Green,Eric Stuart,Scottie Ray,,RyA'suke Takahashi,2004,Japan,15,28762690
Bratz: The Movie,No,Lionsgate,Comedy,Anneliese van der Pol,Stephen Lunsford,Paula Abdul,Adam De La Pena,Sean McNamara,2007,USA,21,25747223
Showgirls,NC,MGM,Drama,Elizabeth Berkley,Kyle MacLachlan,Gina Gershon,Joe Eszterhas,Paul Verhoeven,2000,USA,16,20254932
Daddy Day Camp,PG,Sony Pictures,Comedy,Cuba Gooding Jr.,Paul Rae,Josh McLerran,Joel Cohen,Fred Savage,2008,USA,13,18197398
The Postman,R,Warner Bros.,Action,Kevin Costner,Will Patton,Larenz Tate,Eric Roth,Kevin Costner,2004,USA,29,17650704
American Splendor,R,Fine Line Features,Drama,Paul Giamatti,Hope Davis,Harvey Pekar,Shari Springer Berman,Shari Springer Berman,2004,USA,90,7978681
The Adventures of Pluto Nash,PG,Warner Bros.,Sci-fi,Eddie Murphy,Randy Quaid,Rosario Dawson,Neil Cuthbert,Ron Underwood,2002,USA,12,7094995
Fanny and Alexander ,No,Janus Films,Classic,Pernilla Allwin,Bertil Guve,Ewa Froling,Ingmar Bergman,Ingmar Bergman,2004,Sweden / France / West Germany,100,4971340
